<application>
  <component name="NodeJsLocalInterpreterManager">
    <local-interpreter path="/usr/local/bin/node">
      <version-cache version="17.3.1" last-modified="1643365644172" />
    </local-interpreter>
    <local-interpreter path="$USER_HOME$/.nvm/versions/node/v18.4.0/bin/node">
      <version-cache version="18.4.0" last-modified="1655381871000" />
    </local-interpreter>
    <local-interpreter path="/usr/local/Cellar/node/17.3.1/bin/node">
      <version-cache version="17.3.1" last-modified="1643365644172" />
    </local-interpreter>
    <local-interpreter path="$USER_HOME$/.nvm/versions/node/v16.14.0/bin/node">
      <version-cache version="16.14.0" last-modified="1644323831000" />
    </local-interpreter>
    <local-interpreter path="$USER_HOME$/.nvm/versions/node/v16.13.0/bin/node">
      <version-cache version="16.13.0" last-modified="1635264114000" />
    </local-interpreter>
    <local-interpreter path="$USER_HOME$/.nvm/versions/node/v16.9.0/bin/node">
      <version-cache version="16.9.0" last-modified="1631002657000" />
    </local-interpreter>
    <local-interpreter path="/usr/local/Cellar/node/16.5.0/bin/node">
      <version-cache last-modified="0" />
    </local-interpreter>
    <local-interpreter path="/usr/local/Cellar/node/15.5.1/bin/node">
      <version-cache last-modified="0" />
    </local-interpreter>
    <local-interpreter path="$USER_HOME$/.nvm/versions/node/v15.4.0/bin/node">
      <version-cache version="15.4.0" last-modified="1607516632000" />
    </local-interpreter>
    <local-interpreter path="$USER_HOME$/.nvm/versions/node/v14.17.6/bin/node">
      <version-cache version="14.17.6" last-modified="1630349856000" />
    </local-interpreter>
    <local-interpreter path="$USER_HOME$/.nvm/versions/node/v14.17.5/bin/node">
      <version-cache version="14.17.5" last-modified="1628656165000" />
    </local-interpreter>
    <local-interpreter path="$USER_HOME$/.nvm/versions/node/v14.17.3/bin/node">
      <version-cache version="14.17.3" last-modified="1625496234000" />
    </local-interpreter>
    <local-interpreter path="/usr/local/Cellar/node/14.5.0/bin/node">
      <version-cache last-modified="0" />
    </local-interpreter>
    <local-interpreter path="$USER_HOME$/.nvm/versions/node/v12.16.1/bin/node">
      <version-cache version="12.16.1" last-modified="1582000630000" />
    </local-interpreter>
    <local-interpreter path="/usr/local/Cellar/node/12.10.0/bin/node">
      <version-cache last-modified="0" />
    </local-interpreter>
    <local-interpreter path="$USER_HOME$/.nvm/versions/node/v10.24.1/bin/node">
      <version-cache version="10.24.1" last-modified="1617717520000" />
    </local-interpreter>
    <local-interpreter path="$USER_HOME$/.nvm/versions/node/v10.16.3/bin/node">
      <version-cache version="10.16.3" last-modified="1565897427000" />
    </local-interpreter>
    <local-interpreter path="$USER_HOME$/.nvm/versions/node/v8.0.0/bin/node">
      <version-cache version="8.0.0" last-modified="1496165247000" />
    </local-interpreter>
    <local-interpreter path="$USER_HOME$/.nvm/versions/node/v6.1.0/bin/node">
      <version-cache version="6.1.0" last-modified="1462485501000" />
    </local-interpreter>
  </component>
</application>