<application>
  <component name="OverrideFileTypeManager">
    <file url="file://$USER_HOME$/Code/AREA17/VCA/figures-feminines/src/helpers/gtm.js" value="ECMAScript 6" />
    <file url="file://$USER_HOME$/Code/AREA17/VCA/legend-of-diamonds-chapter-1/src/helpers/gtm.js" value="ECMAScript 6" />
    <file url="file://$USER_HOME$/Code/AREA17/VCA/legend-of-diamonds-chapter-2/src/helpers/gtm.js" value="JavaScript" />
    <file url="file://$USER_HOME$/Code/AREA17/VCA/nature-enchantee/src/vcans-library/helpers/gtm.js" value="JavaScript" />
    <file url="file://$USER_HOME$/Code/AREA17/VCA/poetic-astronomy/src/mixins/gtm.js" value="JavaScript" />
    <file url="file://$USER_HOME$/Code/AREA17/VCA/romeo-et-juliette/src/behavior/gtm.js" value="JavaScript" />
    <file url="file://$USER_HOME$/Code/AREA17/VCA/treasure-of-rubies/src/behavior/gtm.js" value="JavaScript" />
  </component>
</application>