<application>
  <component name="ProjectManager">
    <defaultProject>
      <component name="BookmarksManager">
        <option name="groups">
          <GroupState>
            <option name="name" value="Default (Template) Project" />
          </GroupState>
        </option>
      </component>
      <component name="PropertiesComponent"><![CDATA[{
  "keyToString": {
    "settings.editor.selected.configurable": "configurable.group.language"
  }
}]]></component>
      <component name="WindowStateProjectService">
        <state x="469" y="242" key="SettingsEditor" timestamp="1675194512299">
          <screen x="0" y="0" width="1920" height="1200" />
        </state>
        <state x="469" y="242" key="SettingsEditor/0.0.1920.1200" timestamp="1675194512299" />
      </component>
    </defaultProject>
  </component>
</application>