<application>
  <component name="SettingsSyncSettings">
    <option name="disabledSubcategories">
      <map>
        <entry key="UI">
          <value>
            <list>
              <option value="editorFont" />
            </list>
          </value>
        </entry>
        <entry key="PLUGINS">
          <value>
            <list>
              <option value="Key Promoter X" />
              <option value="carbon-now-sh" />
              <option value="com.fwdekker.randomness" />
              <option value="com.laravel_idea.tailwind" />
              <option value="com.rxliuli.vite-jetbrains-plugin" />
              <option value="com.wakatime.intellij.plugin" />
              <option value="mdx.js" />
              <option value="net.seesharpsoft.intellij.plugins.csv" />
            </list>
          </value>
        </entry>
      </map>
    </option>
    <option name="migrationFromOldStorageChecked" value="true" />
  </component>
</application>