<application>
  <component name="FileTypeManager" version="19">
    <extensionMap>
      <mapping pattern="gtm.js" type="AUTO_DETECTED" />
      <mapping pattern="commit-msg" type="AUTO_DETECTED" />
      <mapping pattern="_redirects" type="AUTO_DETECTED" />
      <mapping pattern="*.css.liquid" type="CSS" />
      <mapping pattern=".czrc" type="JSON" />
      <mapping pattern=".lintstagedrc" type="JSON" />
      <mapping pattern="*.js.liquid" type="JavaScript" />
      <mapping ext="mp4" type="Native" />
      <mapping ext="woff2" type="Native" />
      <mapping ext="woff" type="Native" />
      <mapping pattern=".watchman-cookie-chriss-mbp-2.lan-465-316" type="PLAIN_TEXT" />
      <mapping pattern=".gitKeep" type="PLAIN_TEXT" />
      <mapping pattern=".browserlistrc" type="PLAIN_TEXT" />
      <mapping pattern=".keep" type="PLAIN_TEXT" />
      <mapping pattern="main-menu-cols" type="PLAIN_TEXT" />
      <mapping pattern=".browserslistrc" type="PLAIN_TEXT" />
      <mapping ext="example" type="PLAIN_TEXT" />
      <mapping ext="pro" type="PLAIN_TEXT" />
      <mapping ext="sccs" type="PLAIN_TEXT" />
      <mapping ext="mo" type="PLAIN_TEXT" />
      <mapping ext="keep" type="PLAIN_TEXT" />
      <mapping ext="tsk" type="PLAIN_TEXT" />
      <mapping ext="neon" type="PLAIN_TEXT" />
      <mapping pattern="*.scss.liquid" type="SCSS" />
      <removed_mapping ext="csv" approved="true" type="CSV/TSV" />
      <removed_mapping ext="dockerignore" approved="true" type="DockerIgnore file" />
      <removed_mapping ext="ignore" approved="true" type="IgnoreLang file" />
      <removed_mapping ext="pdf" approved="true" type="Native" />
      <removed_mapping ext="tsv" approved="true" type="CSV/TSV" />
    </extensionMap>
  </component>
</application>