<application>
  <component name="IntentionManagerSettings">
    <ignoreAction name="CoffeeScript/Replace double-quoted string with single-quoted string" />
    <ignoreAction name="CoffeeScript/Replace single-quoted string with double-quoted string" />
    <ignoreAction name="Cucumber/Convert scenario to outline" />
    <ignoreAction name="XSLT/Add optional Argument(s)" />
    <ignoreAction name="XSLT/Convert 'xsl:if' to 'xsl:choose'" />
    <ignoreAction name="XSLT/Inline 'xsl:attribute'" />
    <ignoreAction name="XSLT/Replace with 'xsl:attribute'" />
  </component>
</application>