<application>
  <component name="NodeJsLocalInterpreterManager">
    <local-interpreter path="/usr/local/Cellar/node/15.5.1/bin/node" />
    <local-interpreter path="/usr/local/bin/node" />
    <local-interpreter path="$USER_HOME$/.nvm/versions/node/v15.4.0/bin/node" />
    <local-interpreter path="/usr/local/Cellar/node/14.5.0/bin/node" />
    <local-interpreter path="/usr/local/Cellar/node/13.3.0/bin/node" />
    <local-interpreter path="$USER_HOME$/.nvm/versions/node/v12.16.1/bin/node" />
    <local-interpreter path="/usr/local/Cellar/node/12.10.0/bin/node" />
    <local-interpreter path="$USER_HOME$/.nvm/versions/node/v10.16.3/bin/node" />
    <local-interpreter path="$USER_HOME$/.nvm/versions/node/v8.0.0/bin/node" />
    <local-interpreter path="$USER_HOME$/.nvm/versions/node/v6.1.0/bin/node" />
  </component>
</application>